-- phpMyAdmin SQL Dump
-- version 5.2.1
-- https://www.phpmyadmin.net/
--
-- Host: 127.0.0.1
-- Generation Time: May 03, 2025 at 05:45 PM
-- Server version: 10.4.32-MariaDB
-- PHP Version: 8.2.12

SET SQL_MODE = "NO_AUTO_VALUE_ON_ZERO";
START TRANSACTION;
SET time_zone = "+00:00";


/*!40101 SET @OLD_CHARACTER_SET_CLIENT=@@CHARACTER_SET_CLIENT */;
/*!40101 SET @OLD_CHARACTER_SET_RESULTS=@@CHARACTER_SET_RESULTS */;
/*!40101 SET @OLD_COLLATION_CONNECTION=@@COLLATION_CONNECTION */;
/*!40101 SET NAMES utf8mb4 */;

--
-- Database: `news_portal`
--

-- --------------------------------------------------------

--
-- Table structure for table `category`
--

CREATE TABLE `category` (
  `id` int(11) NOT NULL,
  `name` varchar(100) NOT NULL,
  `description` text NOT NULL
) ENGINE=InnoDB DEFAULT CHARSET=utf8mb4 COLLATE=utf8mb4_general_ci;

--
-- Dumping data for table `category`
--

INSERT INTO `category` (`id`, `name`, `description`) VALUES
(1, 'sport', 'Updates on sports events and matches'),
(2, 'politics', 'Political events and government news.\r\n'),
(3, 'health', 'News on health, wellness, and medicine'),
(4, 'economy', 'news on economy');

-- --------------------------------------------------------

--
-- Table structure for table `news`
--

CREATE TABLE `news` (
  `id` int(11) NOT NULL,
  `title` varchar(255) NOT NULL,
  `body` text NOT NULL,
  `image` varchar(255) NOT NULL,
  `dateposted` datetime NOT NULL,
  `category_id` int(11) NOT NULL,
  `author_id` int(11) NOT NULL,
  `status` enum('pending','approved','denied') NOT NULL DEFAULT 'pending'
) ENGINE=InnoDB DEFAULT CHARSET=utf8mb4 COLLATE=utf8mb4_general_ci;

--
-- Dumping data for table `news`
--

INSERT INTO `news` (`id`, `title`, `body`, `image`, `dateposted`, `category_id`, `author_id`, `status`) VALUES
(1, 'إسرائيل تستعد لتجربة \"حكومة بديلة\" في غزة', 'وافق مجلس الوزراء الحربي في إسرائيل، على مشروع تجريبي في قطاع غزة، يتضمن تشكيل “حكومة بديلة” لحركة حماس، وفق ما ذكره إعلام إسرائيلي رسمي.\r\nوقالت هيئة البث الإسرائيلية الرسمية، إن “مجلس الحرب في حكومة الطوارئ الإسرائيلية وافق على مشروع تجريبي في قطاع غزة، يسمح بتجربة تشكيل حكومة بديلة لحركة حماس، بحيث يشمل المشروع عدة أحياء في شمال القطاع”.\r\nوبحسب الهيئة، فسيوفر الجيش الإسرائيلي الحماية لعدة مناطق في شمال غزة، وسيسمح بوجود قيادة محلية مسؤولة عن إدارة الحياة في القطاع.\r\nوأشارت الهيئة إلى أنّ مجلس وزراء الحرب “وافق في اجتماعه الأخير، على خطة إيجاد بديل لحكم حماس، التي روج لها وزير الدفاع يوآف غالانت”.\r\nوتتضمن الخطة (المشروع التجريبي) تزويد أحياء في شمال قطاع غزة بالمساعدات، ومساعدة قيادة محلية في تلك الأحياء على إدارة الحياة هناك، وفق الهيئة الإسرائيلية.\r\nوالشهر الماضي، قال غالانت إن “اليوم التالي” في غزة بعد حماس “لن يكون واردًا إلّا مع سيطرة كيانات فلسطينية على غزة، برفقة جهات فاعلة دولية، وتشكيل حكومة بديلة لنظام حماس”.\r\nولم تعلق حماس فورا على ما أوردته الهيئة الإسرائيلية.', 'https://www.aljazeeramubasher.net/wp-content/uploads/2024/04/x594-9-1713036720.jpg?resize=570%2C380&quality=80', '2024-06-08 15:14:53', 2, 4, 'pending'),
(2, 'مدرب برايتون: على اللاعبين أن يستشعروا قيمة اللعب \"القاري\"', 'طالب فابيان هورزلر، المدير الفني لفريق برايتون الإنجليزي لكرة القدم، لاعبيه بأن يكونوا على قدر التحدي حيث يسعون للتأهل للبطولات الأوروبية الموسم المقبل.\r\n\r\nوفشل فريق برايتون في تحقيق أي انتصار خلال خمس مباريات بالدوري الإنجليزي الممتاز قبل الفوز الصعب على وست هام 3-2 في الجولة الماضية.\r\n\r\nويتوقع أن تكون المشاعر متوترة في المباريات الأربع الأخيرة، لكن هورزلر أعرب عن ثقته في أن فريقه سيتماسك.\r\n\r\nوقال: أحاول أن أكون قدوة فيما يتعلق بالإيجابية، وفي محاولة نقل الفرحة للاعبين. لكي اقول لهم حتى في حال تحقيق نتائج سلبية، هذا هو الشغف الذي تقدمه، هذا ما تحبه، تحب أن تكونوا معا على أرض الملعب، تحبون العمل الجاد، لذلك يجب عليكم أيضا أن تحبوا هذه التحديات التي تواجهونها.\r\n\r\nوأردف: لن تتمكنوا من الخروج من هذه المواقف إلا إذا تمسكتم ببعضكم البعض، وإذا عملتم بجد، وهذا ما نحاول فعله دائما.\r\n\r\nوأكد: بالطبع فوز مثل هذا يدفعك كشخص، كنادي وكل البيئة المحيطة، ولكن بشكل عام يمكنني القول دائما أن لدينا أجواء إيجابية بغض النظر عن النتيجة، لأن إذا تم تشتيتك بشكل دائم وتأثرت بالنتائج، أعتقد ستكون حياتك سيئة للغاية.\r\n\r\nويلتقي برايتون مع نيوكاسل، بطل كأس الرابطة، الذي تغلبه عليه برايتون مرتين في الدوري والكأس.', 'https://vid.alarabiya.net/images/2025/05/03/389d95c5-ba77-4ee5-ae74-7fd71e700a0e/389d95c5-ba77-4ee5-ae74-7fd71e700a0e_16x9_1200x676.jpg?width=801&format=jpg', '2025-05-03 15:14:47', 1, 4, 'pending'),
(3, 'غوارديولا يعلق على أداء دي بروين قبل رحيله', 'أكد جوسيب غوارديولا، المدير الفني لفريق مانشستر سيتي الإنجليزي لكرة القدم، أن كيفن دي بروين ليس بحاجة لإثبات أي شيء لأي شخص، حيث واصل اللاعب الذي سيرحل عن الفريق تقديم عروضه الجيدة بعدما سجل الهدف الوحيد في الفوز 1-صفر على وولفرهامبتون.\r\n\r\nوأعلن دي بروين، 33 عاما، رحيله عن مانشستر سيتي هذا الصيف بعد عقد من الزمن قضاه مع الفريق، بعدما قرر مسؤولو النادي عدم تقديم عقد جديد له.\r\n\r\nومنذ إعلان هذه الأنباء قدم دي بروين بعض العروض الجذابة، وكرر نفس الأمر ليحسم مواجهة صعبة أمام وولفرهامبتون، الذي حرمه القائم من تسجيل هدفين من فرصتي ماتيوس كونيا وريان آيت نوري.\r\n\r\nوقال دي بروين لشبكة \"سكاي سبورتس\"، بعد المباراة، إن أدائه خلال الشهر الماضي أظهر أن بإمكانه اللعب ولكن لفريق آخر في الموسم المقبل.\r\n\r\nوكانت هذه هي المباراة قبل الأخيرة لدي بروين على ملعب مانشستر سيتي، وتتبقى فقط المباراة أمام بورنموث يوم 20 مايو الجاري، ولكنه كان قادرا على الاحتفال مع الجماهير في النهاية.\r\n\r\nوقال غوارديولا: أداؤه جيد للغاية. وأمام كريستال بالاس عندما كنا متأخرين بهدفين نظيفين، هدفه منحنا الزخم للعودة. أنا واثق أن هذا ليس بالأمر السهل عليه، ولكن مساهماته كانت حاسمة وهامة.\r\n\r\nولدى سؤاله عما إذا كان دي بروين لا يوجد لديه بديل، قال مدرب مانشستر سيتي: هناك لاعبين مثل سيرخيو أجويرو، مثل كيفن، مثل فينسنت كومباني يتواجدون في قلوب الجماهير.\r\n\r\nوأضاف: ليس فقط بسبب الألقاب والأرقام، بل المساهمات، من حيث المودة والحب والشغف تجاهنا جميعا على مدار عقد من الزمن هنا، حيث ساعدنا على الفوز بكل شيء تقريبا. ولا يزال هنا. ليس بحاجة لإثبات أي شيء لأي شخص. أعرف جودته ومستواه. هذا كل ما في الأمر.\r\n\r\nوكان هذا الانتصار هو الخامس لمانشستر سيتي على التوالي في كل المسابقات- والرابع في الدوري- وقد جعل الفريق يقفز للمركز الثالث، بفارق أربع نقاط كاملة أمام نوتنغهام فورست، صاحب المركز السادس.\r\n\r\nويتواجد مانشستر سيتي بفارق ثلاث نقاط فقط خلف أرسنال، الوصيف، الذي لديه مباراة مؤجلة ولكن يجب عليه مواجهة ليفربول في أنفيلد.', 'https://vid.alarabiya.net/images/2025/05/03/b852badc-3eab-41a3-8be7-a4d0f529aa33/b852badc-3eab-41a3-8be7-a4d0f529aa33_16x9_1200x676.jpg?width=801&format=jpg', '2025-05-03 15:21:52', 1, 4, 'pending'),
(4, 'مدرب توتنهام: كنت قاسياً على اللاعبين بعد خماسية ليفربول', 'أكد المدرب أنج بوستيكوغلو عزمه على إيقاف المستوى البائس الذي يقدمه توتنهام هوتسبير في الدوري الإنجليزي الممتاز، وإسعاد جماهيره بالفوز في الديربي على وست هام يونايتد يوم الأحد المقبل.\r\n\r\nوحقق توتنهام فوزًا قد يكون حاسمًا على بودو/غليمت بنتيجة 3-1 يوم الخميس ليخطو خطوة كبيرة نحو التأهل إلى نهائي الدوري الأوروبي في وقت لاحق من هذا الشهر.\r\n\r\nحافظت مسيرة توتنهام الممتازة في الكأس على موسمه بعد سلسلة من الإصابات خلال فصل الشتاء والتي أدت إلى تراجع النادي في جدول الترتيب وجعلته على وشك تحقيق أسوأ موسم له في الدوري الإنجليزي الممتاز في المركز السادس عشر.\r\n\r\nالهزيمة 5-1 من ليفربول يوم الأحد الماضي كانت رقمًا قياسيًا جديدًا في الدوري، حيث تلقى الفريق الهزيمة رقم 19 في الدوري، لكن بوستيكوغلو كشف أنه كان ”قاسيًا للغاية“ على فريقه خلال اجتماعه مع اللاعبين في وقت سابق من هذا الأسبوع قبل مباراة بودو.\r\n\r\nمن المقرر أن تجرى تغييرات في المباراة المقبلةمع احتمال إراحة بيدرو بورو وكريستيان روميرو وميكي فان دي فين ورودريغو بينتانكور، بينما سيغيب جيمس ماديسون ودومينيك سولانكي بسبب الإصابة، لكن بوستيكوغلو حريص على إيقاف سلسلة من خمس هزائم في ست مباريات في الدوري.\r\n\r\nوقال بوستيكوغلو: لقد شعرنا بخيبة أمل كبيرة أمام ليفربول، لقد كنت قاسيًا حقًا على اللاعبين في اليوم التالي للمباراة. لم أكن متأكدًا حقًا كيف سيكون رد فعلهم على ذلك، لكنني شعرت أننا بحاجة إلى الشعور بهذا الألم. في الوقت نفسه، نضع ذلك جانبًا ونركز على المهمة التي تنتظرنا (الدوري الأوروبي). كما أقول باستمرار، بغض النظر عن موسمنا، لدينا فرصة للقيام بشيء مميز ولا أريد أن نترك ذلك يفلت منا بسبب فقدان التركيز على ما هو مهم. لا أعتقد أن هناك نموًا إلا إذا كنت صادقًا مع الناس.\r\n\r\nوأضاف: هناك دائمًا خطر أن تزعج بعض الأشخاص، ولكنني واثق من أنهم يقتنعون بما نقوم به وأن أي ملاحظات نقدمها لهم، سواء كانت إيجابية أو سلبية، فهي للأسباب الصحيحة. إنهم جيدون جدًا في تقبل ذلك.\r\n\r\nعلى الرغم من أن توتنهام قد رفع مستواه بشكل مثير للإعجاب في أوروبا، كما حدث يوم الخميس، إلا أن بوستيكوغلو اعترف بـ”الموجات“ التي واجهها المشجعون مع تناوب فريقه في الدوري الإنجليزي الممتاز، والتي أسفرت عن الهزائم، لكنه يريد أن يتغير ذلك في وست هام صاحب المركز السابع عشر \"يمكننا الاستمتاع إذا تمكنا من التحسن وتحقيق بعض الانتصارات. هذا هو التحدي. مباراة وست هام خارج ملعبه في نهاية الأسبوع دائمًا ما تكون مباراة صعبة. إنه ديربي ويعني الكثير لأنصارنا، لذلك يمكننا أن ندخل تلك المباراة بعقلية مناسبة لتحقيق بعض المتعة في بقية الموسم (الدوري)، لأنني أعتقد أن ذلك يساعد في الطريقة التي يشعر بها أنصارنا\".', 'https://vid.alarabiya.net/images/2025/05/03/0834f8d5-94e8-42e2-ae36-2fb9ece5bf99/0834f8d5-94e8-42e2-ae36-2fb9ece5bf99_16x9_1200x676.jpg?width=801&format=jpg', '2025-05-03 11:23:03', 1, 4, 'pending'),
(5, 'نابولي يبني أحلامه على أكتاف فتى أسكتلندي', 'ليس بالضرورة أن يكون اللاعب مراوغا من الطراز الرفيع ومخادعا لإشعال حماس نادي نابولي وجماهيره، فالوافد الجديد الاسكتلندي سكوت ماكتوميناي يبيع الأحلام للنادي الجنوبي بفضل مهارته في التعامل مع الكرة وتأثيره في الاقتراب أكثر من تتويج رابع بلقب الدوري الإيطالي عندما يواجه مضيفه ليتشي يوم السبت.\r\n\r\nبعد الأسطورة الأرجنتيني دييغو أرماندو مارادونا المحفور في قلوب عشاق نابولي إلى الأبد بعدما قاده للفوز بلقب الـ\"سكوديتو\" عامي 1987 و1990، والجورجي خفيتشا كفاراتسخيليا الملقب بـ \"كفارادونا\"، أفضل لاعب في الدوري الإيطالي موسم 2022-2023 الذي هيمن عليه النادي الجنوبي، هل جاء الآن دور \"ماكرادونا\"؟\r\n\r\nحتى الآن، لم يحصل ماكتوميناي سوى على كنيات مثل \"ماكغايفر\" أو \"ماكترميناتور\"، في إشارة إلى شخصية من مسلسل تلفزيوني يستطيع بفضل براعته الخروج من المواقف الأكثر خطورة، وشخصية أخرى لأفلام خيالية معروفة بقوتها الجسدية جسّدها الممثل الاميركي أرنولد شفارتسينيغر.\r\n\r\nورغم عدم قدرته أبدا على إثارة العشق الذي تكنّه مدينة نابولي للأيقونة الراحل مارادونا الذي ساهم بين عامي 1984 و1991 في انتشال الفريق من العجز وقيادته للفوز بلقبين في الدوري وكأس إيطاليا وكأس الاتحاد الأوروبي، إلا أن الاسكتلندي حقق أشياء عظيمة في تسعة أشهر فقط.\r\n\r\nمع خروج نابولي من عام كارثي واحتلاله المركز العاشر وتوالي ثلاثة مدربين على الدكة والفشل في حجز مقعد لمسابقة أوروبية للمرة الأولى منذ عام 2014، بات ماكتوميناي لاعب خط الوسط الهجومي الفارع الطول (1.93 م) تجسيدا لفريق حوّله المدرب أنتونيو كونتي إلى آلة فوز لا هوادة فيها، لدرجة انه \"قتل\" المنافسة في مركزه.\r\n\r\nمنذ أغسطس الماضي، سجل 11 هدفا وهو ما يجعله الاسكتلندي الأكثر غزارة في موسم واحد في الدوري الإيطالي، متقدما على الأسطورة دنيس لو (10 أهداف مع تورينو في موسم 1961-1962).\r\n\r\nكما سجّل الدولي البالغ 28 عاما خمسة أهداف في آخر ثلاث مباريات، ما سمح لنابولي بمقارعة إنتر المتصدر، قبل أن ينتزع المركز الأول من حامل اللقب المتراجع للمركز الثاني بفارق 3 نقاط، قبل المرحلة الخامسة والثلاثين (74 مقابل 71).\r\n\r\nأكد كونتي في نهاية عام 2024 \"تسجيل الأهداف في حمضه النووي، فسكوت جيد جدا في التحرك للأمام، لديه التقنية والحجم واللياقة البدنية ليكون هدافا\".\r\n\r\nأدرك نابولي سريعا خصال ماكتوميناي فلم يتوان عن وضع 30 مليون يورو على طاولة المفاوضات، مقابل استقدام لاعب لفت انتباه مواطنه \"السير\" أليكس فيرغوسون عندما كان طفلا وقضى مسيرته بأكملها في مانشستر يونايتد واضطر إلى خفض راتبه في الصيف الماضي للامتثال لقوانين اللعب المالي النظيف.\r\n\r\nورغم أن نجومية فريق \"الشياطين الحمر\" تراجعت بشكل كبير في المواسم الأخيرة، إلّا أن ماكتوميناي (178 مباراة في الدوري الإنكليزي الممتاز، 19 هدفا) نادرا ما خيّب آمال جماهير مدينة مانشستر التي كان محبوبها.\r\n\r\n\"كنت أفضّل عدم خسارته، لأنه يجسد مانشستر يونايتد\"، هذا ما أوضحه مدرب الفريق حينها الهولندي إريك تن هاغ، عند رحيل الاسكتلندي.\r\n\r\nمن ناحيته، أكد زميله الجديد في نابولي ليوناردو سبيناتسولا الأسبوع الماضي \"إنه رجل عظيم، مميز، دائم الابتسامة وسعيد ويعمل بجد، نحن محظوظون بوجوده في فريقنا\".\r\n\r\nأما كونتي، فشرح عشية مباراة ليتشي تطوره \"بات يشعر بأنه أكثر اكتمالا وخبرة. وصل إلى مرحلة هامة من مسيرته حيث يتعين عليه تحديد مساره\".\r\n\r\nتابع المدرب الفذ \"لم يكن لديه دور رئيس مع مانشستر يونايتد، خلافا لدوره معنا. عمل بجد وأصبح لاعبا متكاملا\".\r\n\r\nورغم انه يتجه للفوز بلقب أحد الدوريات للمرة الأولى في مسيرته بعد احتلاله للمركز الثاني في برميرليغ مع يونايتد في عامي 2018 و2021، إلّا أن ماكتوميناي الذي تأقلم سريعا مع متطلبات \"سيري أ\"، يفكّر في المقام الأول في التأثير الذي يمكن أن يحدثه التتويج الرابع على نابولي وعلى جماهيره المتحمسة.\r\n\r\nأقرّ هذا البريطاني الهادئ الذي لا يشبه بشيء حماوة مدينة نابولي \"سيكون ذلك أمرا هائلا بالنسبة لهذه المدينة\" وختم محذرا \"يتعيّن علينا أن نبقى هادئين وعلينا أيضا الاسترخاء، وأن نتعامل مع كل مباراة على حدة\".', 'https://vid.alarabiya.net/images/2025/05/03/d7193c64-619c-4b6f-9f64-c17bf1fe75b2/d7193c64-619c-4b6f-9f64-c17bf1fe75b2_16x9_1200x676.jpg?width=801&format=jpg', '2025-05-03 17:24:10', 1, 4, 'pending'),
(6, 'الهلال يعلن إنهاء العلاقة التعاقدية مع مدربه جيسوس', 'أعلن نادي الهلال يوم السبت إنهاء العلاقة التعاقدية بينه وبين مدربه البرتغالي جورجي جيسوس بعد خروج الفريق من دوري أبطال آسيا للنخبة وتكليف محمد الشلهوب بقيادة الفريق حتى نهاية الموسم.\r\n\r\nوكان الهلال ودع دوري أبطال آسيا للنخبة يوم الثلاثاء بعد الخسارة 3 - 1 في نصف نهائي المسابقة أمام أهلي جدة.\r\n\r\nويحتل الهلال المركز الثاني في دوري روشن السعودي بفارق 6 نقاط عن الاتحاد المتصدر، كما ودع مسابقة كأس الملك أمام الفريق الغربي.\r\n\r\nوعرف الهلال مع جيسوس في تجربته الثانية، من صيف 2023 حتى الآن، الفوز بأربع بطولات، دوري روشن السعودي وكأس الملك وكأس السوبر السعودية مرتين، وحقق 83 انتصارا و11 تعادلا ومني بـ11 خسارة.', 'https://vid.alarabiya.net/images/2025/05/03/b9fadf4e-05e2-41e4-91e2-b02429fba663/b9fadf4e-05e2-41e4-91e2-b02429fba663_16x9_1200x676.png?width=801&format=jpg', '2025-05-03 18:25:04', 1, 4, 'pending'),
(7, 'أميركا.. وفاة 216 طفلاً بموسم الأنفلونزا هذا العام في أكبر حصيلة منذ 15 عاماً', 'أفاد تقرير اتحادي صدر يوم الجمعة، بأن موسم الأنفلونزا في الولايات المتحدة هذا العام شهد وفاة أكبر عدد من الأطفال الأميركيين منذ تفشي وباء إنفلونزا الخنازير قبل 15 عاما.\r\n\r\nوأعلنت مراكز السيطرة على الأمراض والوقاية منها تسجيل 216 حالة وفاة بين الأطفال، بزيادة عن الرقم المسجل العام الماضي والذي بلغ 207 حالات. وهي أعلى حصيلة منذ وباء الإنفلونزا العالمي \"اتش 1 ان 1\" في موسم 2009- 2010.\r\n\r\nويعد هذا العدد مرتفعا بشكل مذهل، نظرا لأن موسم الإنفلونزا لا يزال مستمرا، في حين أن عدد الوفيات النهائي للأطفال في موسم الأنفلونزا 2023-2024 لم يتم إحصاؤه حتى فصل الخريف.', 'https://vid.alarabiya.net/images/2022/09/20/dd14acb1-9b30-482b-af72-b9444a576cb4/dd14acb1-9b30-482b-af72-b9444a576cb4_16x9_1200x676.jpg?width=801&format=jpg', '2025-05-05 15:27:01', 3, 5, 'pending'),
(9, '7 توابل شهيرة.. إذا أضفتها للشاي الأخضر ستدخل في نوم عميق ومتواصل', 'يعاني البعض من صعوبة في النوم ويصل الأمر بالبعض إلى التقلب في السرير طوال الليل.\r\n\r\nوبحسب ما جاء في تقرير نشرته صحيفة \"تايمز أوف إنديا\" Times of India، ينصح الخبراء بتجربة علاجات بسيطة مصنوعة من توابل هندية بدلًا من الاعتماد على الحبوب والأدوية.\r\n\r\nويوضح الخبراء أن إضافة بعض أنواع التوابل قبل النوم إلى كوب من الشاي الأخضر، يمكن أن تُساعد على استرخاء الجهاز العصبي وتقليل التوتر والخلود إلى النوم بشكل طبيعي، كما يلي:\r\n1- القرفة\r\nيساعد طعم القرفة الحلو والخفيف على تنظيم مستوى السكر في الدم، وله خصائص طبيعية مُدفئة تُهدئ الجهاز العصبي.\r\n\r\nفعند إضافته إلى الشاي الأخضر، يصبح مشروبًا مُريحًا وحلوًا قليلًا، يساعد على تقليل الأرق الليلي ويُساعد على نوم عميق ومتواصل.\r\n2- الهيل\r\nإن الهيل من التوابل الحلوة، وهو محبوب لرائحته العطرة وفوائده الهضمية. كما يتميز بتأثيرات مهدئة خفيفة، ويساعد في التخلص من التوتر والقلق، وهما من الأسباب الرئيسية للأرق.\r\n\r\nيمكن سحق قرن أو قرنين من الهيل الأخضر ونقعهما مع الشاي الأخضر للحصول على مشروب عطري مريح.\r\n\r\n3- جوزة الطيب\r\nتحتوي جوزة الطيب على الميريستيسين، وهو مركب طبيعي يساعد على تحفيز النوم واسترخاء العضلات.\r\n\r\nيمكن أن يكون لرشة من جوزة الطيب المبشورة في الشاي الأخضر قبل النوم مفعول سحري.\r\n\r\n4- بذور الشمر\r\nيعد الشمر ممتازا للهضم، الذي غالبًا ما يعيق النوم المريح. كما أن نكهته الحلوة الخفيفة تساعد على استرخاء العضلات وتهدئة العقل.\r\n\r\nيمكن إضافة ملعقة صغيرة من بذور الشمر أثناء نقع الشاي الأخضر، خاصة بعد عشاء دسم.\r\n\r\n5- الكركم\r\nيشتهر الكركم كمضاد للالتهابات، كما أنه مُثبِّت طبيعي للحالة المزاجية. عند تناوله بكميات صغيرة قبل النوم، يُمكن للكركم أن يُقلِّل من الانزعاج المُرتبط بالالتهاب ويُعزِّز الشعور بالهدوء.\r\n\r\nيتم إضافة رشة خفيفة من الشاي الأخضر مع بضع قطرات من العسل للحصول على مشروب خفيف قبل النوم.\r\n6- القرنفل\r\nيتميز القرنفل بخصائص طبيعية مُسكِّنة للألم ومُرخية للعضلات. تُساعد نكهته الدافئة ذات النكهة اللاذعة على تهدئة الجهاز العصبي، مما يجعله مُكوِّنًا فعالًا لدعم النوم.\r\n7- الزنجبيل\r\nعلى الرغم من أن الزنجبيل يُستخدم عادةً لتعزيز الطاقة، إلا أن استخدامه بكميات صغيرة يُمكن أن يُهدِّئ الجهاز الهضمي ويُساعد الجسم على الاسترخاء.\r\n\r\nيمكن إضافة بضع شرائح رقيقة أو زنجبيل مبشور إلى كوب الشاي الأخضر لتخفيف التوتر والضغط النفسي في الجسم.', 'https://vid.alarabiya.net/images/2023/04/23/b0351c15-23fe-4567-acab-7956fdcb0521/b0351c15-23fe-4567-acab-7956fdcb0521_16x9_1200x676.jpg?width=801&format=jpg', '2025-05-03 15:27:47', 3, 5, 'pending'),
(10, 'لذاكرة حديدية.. 7 مهارات يستخدمها أبطال العالم\r\nأبطال الذاكرة حول العالم يستخدمون تقنيات محددة لتحقيق إنجازات مذهلة، مثل حفظ 500 رقم في دقائق أو خلط 30 مجموعة أوراق لعب في رؤوسه', 'يستخدم أبطال الذاكرة من جميع أنحاء العالم تقنيات محددة وقابلة للتدريب لتحقيق إنجازات مذهلة، مثل حفظ 500 رقم في دقائق أو خلط 30 مجموعة أوراق لعب في رؤوسهم.\r\n\r\nبحسب ما نشره موقع \"إنديا توداي\" India Today، فإن هذه الأساليب ليست سحرًا؛ إنما هي مهارة يمكن تنميتها وتطويرها، كما يلي:\r\n1- قصر الذاكرة (اليونان)\r\n\r\nتُعرف أيضًا باسم طريقة الأماكن، وقد اشتهر الخطباء اليونانيون باستخدام هذه التقنية القديمة، ولا تزال الاستراتيجية المفضلة لدى معظم الأبطال.\r\n\r\nتتضمن هذه التقنية وضع المعلومات ذهنيًا على طول مسار أو مبنى مألوف - مثل المنزل - ثم المرور عليه في ذهن الشخص لاستدعاء البيانات.\r\n\r\n2- النظام 27 الرئيسي (ألمانيا)\r\n\r\nيحوّل هذا النظام، الذي يعتمد على تحويل الأرقام إلى أصوات ساكنة، والتي بدورها تُحوّل إلى كلمات أو صور يسهل تذكرها.\r\n\r\nيستخدم رياضيو الذاكرة هذه الطريقة لحفظ تسلسلات ضخمة من الأرقام، بما يشمل الأرقام غير النسبية أو ما يُعرف باسم \"ثابت أرخميدس\". ومن المعروف أن خبير الذاكرة الألماني غونتر كارستن من مؤيدي هذه الطريقة.', 'https://vid.alarabiya.net/images/2025/05/02/d7a482bd-1b24-4fd0-8e6d-e1dc04cc0858/d7a482bd-1b24-4fd0-8e6d-e1dc04cc0858_16x9_1200x676.jpg?width=801&format=jpg', '2025-05-03 16:29:59', 3, 5, 'pending'),
(11, 'دراسة عالمية ستصدمك.. شباب هذا العصر يفتقدون السعادة', 'أظهرت البيانات أن الرفاهية بين الشباب أقل من المتوسط، مع ارتفاع معدلات القلق والاكتئاب، فضلا عن انخفاض المشاركة في الأنشطة الاجتماعية.. العزلة الاجتماعية، والانشغال بالشاشات، من أبرز العوامل التي تساهم في تدهور رفاهية الشباب\r\nفيما يبحث الجميع عن السعادة، وإن اختلفت الأساليب، أظهرت دراسة عالمية جديدة أن البالغين الشباب، الذين تتراوح أعمارهم بين 18 و29 عاما، يعانون من تراجع في مستويات السعادة والازدهار مقارنة بما كانوا عليه في السابق.\r\n\r\nوقد تبدو نتائج الدراسة صادمة، خاصة في عصر ازدهار التكنولوجيا والسوشيال ميديا والذكاء الاصطناعي، الذي يسهّل كل مناحي الحياة، مما يجعل الوصول للسعادة أمراً سهلاً.\r\n\r\nوبحسب تقرير لصحيفة \"نيويورك تايمز\" New York Times الأميركية، فإن الدراسة التي أجراها باحثون من \"جامعة هارفرد\" و\"جامعة بايلور\"، شملت أكثر من 200,000 شخص من 20 دولة حول العالم.\r\nوكشفت الدراسة عن أن الشباب في العديد من البلدان يعانون من مشاكل صحية عقلية وجسدية، ويواجهون تحديات في إيجاد معنى لحياتهم وفي بناء علاقات اجتماعية ناجحة.\r\n\r\nوقد أظهرت البيانات أن الرفاهية بين الشباب أقل من المتوسط، مع ارتفاع معدلات القلق والاكتئاب، فضلا عن انخفاض المشاركة في الأنشطة الاجتماعية.\r\n\r\nوأشار تقرير آخر من كلية التعليم في \"جامعة هارفرد\" لعام 2023 إلى أن الشباب في الولايات المتحدة يعانون من ضعف في الصحة النفسية مقارنة بالمراهقين، حيث سجلوا معدلات مرتفعة من القلق والاكتئاب.\r\n\r\nوتشير النتائج إلى أن المشكلة تتفاقم بشكل خاص في الولايات المتحدة، حيث كانت الفجوة بين مستويات الازدهار بين الشباب وكبار السن هي الأكبر.', 'https://vid.alarabiya.net/images/2025/05/01/c2eb9d48-33d2-4efb-bf8c-c7ff7e19d8cb/c2eb9d48-33d2-4efb-bf8c-c7ff7e19d8cb_16x9_1200x676.jpg?width=801&format=jpg', '2025-05-03 15:30:58', 3, 5, 'pending'),
(12, 'اختبار بسيط للعين يكشف احتمالات الإصابة بانفصام الشخصية', 'توصل فريق بحثي في سويسرا إلى أن مخاطر الإصابة بمرض انفصام الشخصية (شيزوفرينيا) بسبب عوامل وراثية ترتبط بانخفاض سمك شبكية العين، ما يعزز فكرة أن سلامة العين والإبصار تقترن باحتمالات حدوث تغيرات عقلية للمرضى.\r\n\r\nوذكر الفريق البحثي من جامعة زيوريخ ومستشفى الطب النفسي الجامعي بالعاصمة السويسرية أن الشبكية هي جزء من الجهاز العصبي في جسم الإنسان، وتعتبر امتداداً طبيعياً للمخ، وبالتالي فإن هذه الصلة التشريحية تعني أن أي تغير في المخ ربما ينعكس في العين.', 'https://vid.alarabiya.net/images/2025/04/29/fd29473a-8c7f-4ae5-ba71-6d14948c1fc5/fd29473a-8c7f-4ae5-ba71-6d14948c1fc5_16x9_1200x676.jpg?width=801&format=jpg', '2025-05-03 15:31:49', 3, 5, 'pending'),
(13, 'إسرائيل: مستعدون لمنع دخول \"قوات معادية\" للقرى الدرزية بسوريا\r\nمحافظ السويداء: لا حاجة لدخول أرتال من الأمن العام ما لم تتعرض مؤسسات الدولة للإساءة.. وأفراد الأمن سيكون معظمهم من أبناء المدينة', 'أعلن الجيش الإسرائيلي، اليوم السبت، أنه \"انتشر في جنوب سوريا\"، قائلاً إنه على استعداد لمنع دخول من وصفها بـ\"القوات المعادية\" إلى المناطق الدرزية.\r\n\r\nوأورد في بيان مقتضب أنه \"يواصل متابعة التطورات مع الحفاظ على الجاهزية للدفاع ولمختلف السيناريوهات\"، من دون أن يوضح عديد القوات المنتشرة أو نطاق انتشارها.\r\n\r\nوجاء في بيان المكتب الصحافي للجيش: \"الجيش الإسرائيلي منتشر في جنوب سوريا ومستعد لمنع القوات المعادية من دخول منطقة البلدات الدرزية. ويواصل الجيش الإسرائيلي مراقبة التطورات، ويبقى جاهزاً للدفاع وللسيناريوهات المختلفة\".\r\n\r\nوتابع: \"خلال الليل، تم إجلاء خمسة مواطنين سوريين من الطائفة الدرزية لتلقي العلاج الطبي في إسرائيل. تم نقل المصابين إلى مركز زيف الطبي في صفد، بعد إصابتهم داخل الأراضي السورية\".\r\n\r\nوشنت الطائرات الحربية الإسرائيلية أكثر من 20 غارة في جميع أنحاء سوريا ليل الجمعة السبت، بعد أن كانت إسرائيل قد أعلنت في وقت سابق عن تنفيذ ضربة قرب القصر الرئاسي في دمشق.\r\n\r\nومنذ سقوط الرئيس بشار الأسد في ديسمبر (كانون الأول)، نشرت إسرائيل قوات في المنطقة منزوعة السلاح في هضبة الجولان السورية.\r\n\r\nيأتي هذا بينما حضّ مبعوث الأمم المتحدة الى سوريا غير بيدرسن، السبت، إسرائيل على \"الوقف الفوري\" لهجماتها على سوريا، مندداً بما وصفتها \"انتهاكاتها المتواصلة لسيادة\" البلاد، وذلك غداة شنها أكثر من عشرين غارة على مناطق عدة بينها دمشق.', 'https://vid.alarabiya.net/images/2025/05/03/66a20d96-c136-4b61-bb76-cb1963ebcf4d/66a20d96-c136-4b61-bb76-cb1963ebcf4d_16x9_1200x676.JPG?width=801&format=jpg', '2025-05-03 15:32:45', 2, 5, 'pending'),
(14, 'ميدفيديف: حديث ترامب عن دور أميركا بالحرب العالمية الثانية \"هراء\"\r\nالرئيس الأميركي كان قد كتب على \"تروث سوشيال\" يوم الخميس: \"بذلنا جهداً أكبر من أي دولة أخرى، بفارق كبير، في تحقيق نتيجة النصر في الحرب العالمية الثانية\"', 'قال دميتري ميدفيديف، نائب رئيس مجلس الأمن الروسي، اليوم السبت، إن ما قاله الرئيس الأميركي دونالد ترامب عن أن الولايات المتحدة فعلت أكثر من أي دولة أخرى للفوز في الحرب العالمية الثانية \"هراء مصطنع\"، حسب تعبيره.\r\n\r\nوكتب ترامب على منصته للتواصل الاجتماعي \"تروث سوشيال\" يوم الخميس، أن \"لا أحد كان مثلنا من حيث القوة والشجاعة والحنكة العسكرية\" في الحربين العالميتين.\r\n\r\nوقال أيضاً \"بذلنا جهداً أكبر من أي دولة أخرى، بفارق كبير، في تحقيق نتيجة النصر في الحرب العالمية الثانية\".\r\nوأدلى ميدفيديف، الرئيس الروسي السابق، بتصريحاته في وقت تحاول فيه واشنطن وموسكو إصلاح علاقاتهما المضطربة بينما تناقشان مساعي لإنهاء الصراع في أوكرانيا.\r\n\r\nوكتب ميدفيديف في منشور على منصة \"في. كيه\" للتواصل الاجتماعي: \"قال ترامب في الآونة الأخيرة إن الولايات المتحدة قدمت أكبر مساهمة في النصر في الحرب العالمية الثانية، وإنه سيعلن الثامن من مايو عطلة خاصة. العطلة ليست سيئة، لكن تصريحه الأول مجرد هراء مصطنع\".\r\n\r\nوأضاف: \"ضحى شعبنا بسبعة وعشرين مليون روح من أبنائه وبناته من أجل القضاء على الفاشية اللعينة. لذا، يوم النصر لنا، وهو التاسع من مايو! هكذا كان، وهكذا هو، وهكذا سيبقى دائماً!\".', 'https://vid.alarabiya.net/images/2025/05/01/b8e90b82-781f-4b3f-a66d-e43196d607c4/b8e90b82-781f-4b3f-a66d-e43196d607c4_16x9_1200x676.jpg?width=801&format=jpg', '2025-05-03 15:34:51', 2, 4, 'pending'),
(15, 'أكسيوس: اتفاق أميركي إسرائيلي وشيك على آلية إدخال المساعدات لغزة\r\nبحسب مسؤولين إسرائيليين ومصدر أميركي، سيتم بناء عدة مجمعات في جزء من غزة، وسيتمكن المدنيون الفلسطينيون من الذهاب إلى هناك مرة أسبوعياً لتلقي حزمة مساعدات واحدة لكل أسرة تكفي لـ7 أيام', 'أفاد موقع \"أكسيوس\" الأميركي نقلاً عن مسؤولين إسرائيليين ومصدر أميركي قولهم، إن واشنطن وتل أبيب وممثلين عن \"مؤسسة دولية جديدة\" على وشك التوصل إلى اتفاق بشأن آلية استئناف إيصال المساعدات الإنسانية إلى غزة، دون سيطرة حركة حماس عليها.\r\n\r\nوبحسب المصادر، ستتولى مجموعة من العاملين في المجال الإنساني إدارة مؤسسة دولية تُدار من قبل دول مانحة وجهات خيرية، وستضم مجلسا استشاريا من الشخصيات الدولية البارزة.\r\n\r\nوقال مسؤولون إسرائيليون إن نتنياهو أطلع ترامب على هذه المناقشات خلال مكالمتهما الهاتفية الأسبوع الماضي.\r\n\r\nوقال المسؤولون إنه وفقا للخطة، سيتم بناء عدة مجمعات في جزء من غزة، وسيتمكن المدنيون الفلسطينيون من الذهاب إلى هناك مرة واحدة في الأسبوع لتلقي حزمة مساعدات واحدة لكل أسرة تكفي لمدة سبعة أيام.\r\nوأضافوا أن شركة أميركية خاصة ستتولى عمليات النقل والتوزيع وتوفير الأمن داخل وحول النقاط، لافتين إلى أن الجيش الإسرائيلي لن يشارك في توزيع المساعدات، لكنه سيوفر الحماية في المناطق المحيطة.\r\n\r\nوقال مصدر مطلع على الخطة إن \"إسرائيل التزمت بتمويل وتنفيذ العمل الهندسي الضخم المطلوب لبناء البنية الأساسية لمواقع توزيع المساعدات الآمنة\".\r\n\r\nوبعد انهيار اتفاق وقف إطلاق النار في غزة قبل شهرين، كانت إسرائيل أوقفت كل إمدادات المساعدات الإنسانية من الغذاء والماء والأدوية إلى القطاع، مما أدى إلى تفاقم الأزمة الإنسانية.\r\n\r\nوقالت منظمات إنسانية إن الوضع في قطاع غزة يقترب من \"الانهيار التام\"، في وقت تصاعدت فيه الأزمة مع تعرض سفينة مساعدات لهجوم بطائرة مسيرة قرب سواحل مالطا.\r\n\r\nواتهمت حركة حماس إسرائيل بارتكاب \"قرصنة بحرية\"، ومحاولات ممنهجة لقطع شريان الحياة عن القطاع المحاصر منذ أكتوبر 2023.\r\nوقال تحالف \"أسطول الحرية\"، يوم الجمعة، إن السفينة \"الضمير\" التي كانت متجهة إلى غزة وتحمل على متنها نحو 30 شخصا، تعرضت لهجوم بطائرة مسيّرة أثناء إبحارها في المياه الدولية قرب مالطا، ما تسبب في حريق وثقب بهيكلها الأمامي.\r\n\r\nوأوضح التحالف أن السفينة أطلقت إشارة استغاثة دون أن تتلقى أي رد.', 'https://vid.alarabiya.net/images/2023/12/29/bd4d4584-d728-4766-a3ca-bd56cc528d4b/bd4d4584-d728-4766-a3ca-bd56cc528d4b_16x9_1200x676.jpg?width=801&format=jpg', '2025-05-03 15:35:50', 2, 4, 'pending'),
(16, '\"رويترز\": وثائق سرية تكشف خطة \"مارشال\" إيرانية في سوريا\r\nالمشروعات الإيرانية توقفت في سوريا إثر سقوط نظام بشار الأسد', 'كشفت وثائق سرّية حصلت عليها وكالة \"رويترز\" من مبنى السفارة الإيرانية المنهوبة في دمشق أن طهران كانت تسعى إلى بناء نفوذ اقتصادي وسياسي وثقافي واسع في سوريا، مستلهمة بذلك \"خطة مارشال\" الأميركية التي أعادت إعمار أوروبا بعد الحرب العالمية الثانية.\r\n\r\nوفقاً للوثائق، رأت إيران في عملية إعادة إعمار سوريا فرصة استثمارية بقيمة 400 مليار دولار، تأمل من خلالها في ترسيخ ما سمته \"إمبراطوريتها الإقليمية\". الوثائق شملت عقوداً ورسائل وخططاً للبنية التحتية كشفت الأهداف الإيرانية الاقتصادية والدينية في الداخل السوري.\r\n\r\nلكن هذه المخططات انهارت بشكل كامل مع سقوط نظام بشار الأسد في ديسمبر (كانون الأول) 2024 على يد فصائل معارضة مدعومة إقليمياً، وفرار الأسد إلى روسيا، ما دفع القوات الإيرانية والشركات المرتبطة بالحرس الثوري إلى الانسحاب المتعجل من سوريا.', 'https://vid.alarabiya.net/images/2024/12/08/ca1bf7bb-dbfc-4057-b858-d2f360f21473/ca1bf7bb-dbfc-4057-b858-d2f360f21473_16x9_1200x676.jpg?width=801&format=jpg', '2025-05-03 15:36:59', 2, 5, 'pending'),
(17, 'الذهب يسجل خسارة للأسبوع الثاني مع انحسار التوترات التجارية بين أميركا والصين\r\nالعقود الأميركية الآجلة للذهب أنهت الأسبوع عند 3243.3 دولار', 'ارتفعت أسعار الذهب في جلسة الجمعة ولكنها سجلت الخسارة الأسبوعية الثانية على التوالي بعد انحسار التوتر التجاري بين الولايات المتحدة والصين وصدور بيانات أميركية أظهرت متانة سوق العمل.\r\n\r\nوزاد الذهب في المعاملات الفورية 0.04% إلى 3240.49 دولار للأونصة، فيما صعدت العقود الأميركية الآجلة للذهب 0.6% إلى 3243.3 دولار للأونصة.\r\n\r\nوانخفضت الأسعار 1.7% خلال الأسبوع بعد أن سجلت مستوى غير مسبوق عند 3500.05 دولار في 22 أبريل/ نيسان. وسجل الذهب يوم الخميس أدنى مستوى منذ 14 أبريل/ نيسان.\r\n\r\n\r\nوقالت وزارة التجارة الصينية إن الولايات المتحدة أبدت استعدادها عدة مرات للتفاوض بشأن الرسوم الجمركية وإن بكين ترحب بإجراء محادثات.\r\n\r\nوقالت وزارة العمل الأميركية أمس الجمعة إن الوظائف في القطاعات غير الزراعية زادت 177 ألف وظيفة الشهر الماضي. وتوقع اقتصاديون في استطلاع لـ\"رويترز\" ارتفاع عدد الوظائف 130 ألف وظيفة.\r\n\r\nومع ذلك من السابق لأوانه أن تعكس بيانات سوق العمل تداعيات السياسة التجارية للرئيس دونالد ترامب.\r\n\r\nوبعد صدور تقرير الوظائف خفض المتداولون رهاناتهم على أن مجلس الاحتياطي الاتحادي (البنك المركزي الأميركي) سيخفض أسعار الفائدة في يونيو/حزيران.\r\n\r\nوارتفع العائد على سندات الخزانة الأميركية القياسية لأجل 10 سنوات. ويميل ارتفاع أسعار الفائدة إلى جعل الذهب غير المدر للعائد أقل جاذبية للمستثمرين.\r\n\r\nوقال فؤاد رزاق زادة، محلل السوق لدى سيتي إندكس وفوريكس \"مع تراجع الطلب على الملاذ الآمن، قد تتراجع الأسعار أكثر، وربما تكسر المستوى الذي حامت حوله هذا الأسبوع بالقرب من 3200 دولار\".', 'https://vid.alarabiya.net/images/2025/04/22/15e81ec7-e792-49d6-bce4-3acea6db8b6c/15e81ec7-e792-49d6-bce4-3acea6db8b6c_16x9_1200x676.jpg?width=801&format=jpg', '2025-05-03 15:38:50', 4, 5, 'pending'),
(18, 'نيكاي يرتفع بدعم من التفاؤل التجاري ويحقق أطول سلسلة مكاسب منذ 2023\r\nضعف الين عزز الإقبال على الأسهم اليابانية', 'ارتفع المؤشر نيكاي الياباني، اليوم الجمعة، بفضل التفاؤل حيال إحراز تقدم في محادثات الرسوم الجمركية وتراجع الين، ليسجل المؤشر أطول موجة صعود في نحو عامين.\r\n\r\nوصعد نيكاي 1.04% ليغلق عند 36830.69 نقطة، مرتفعا للجلسة السابعة على التوالي، وهي أطول سلسلة مكاسب له منذ أغسطس/آب 2023.\r\n\r\nوعلى مدى الأسبوع، تقدم المؤشر 2% ليسجل مكاسب للأسبوع الثالث على التوالي، وفقًا لـ \"رويترز\".', 'https://vid.alarabiya.net/images/2024/08/06/fcbd36ab-ac49-402a-aa8e-5a0f4e013971/fcbd36ab-ac49-402a-aa8e-5a0f4e013971_16x9_1200x676.JPG?width=801&format=jpg', '2025-05-03 15:39:49', 4, 4, 'pending'),
(19, 'أسهم أوروبا تصعد وسط مؤشرات على انحسار التوتر التجاري بين الصين وأميركا\r\nمؤشر ستوكس 600 الأوروبي صعد 0.9%', 'ارتفعت الأسهم الأوروبية، اليوم الجمعة، مع زيادة الإقبال على المخاطرة وسط مؤشرات على نزع فتيل التوتر التجاري بين الولايات المتحدة والصين، بينما يقيم المتعاملون موجة من أرباح الشركات ويترقبون بيانات اقتصادية رئيسية.\r\n\r\nوصعد المؤشر ستوكس 600 الأوروبي 0.9% بحلول الساعة 07:04 بتوقيت غرينتش بعد أن سجل ثاني انخفاض شهري على التوالي يوم الأربعاء. كما ارتفعت مؤشرات إقليمية أخرى.\r\n\r\nوقالت وزارة التجارة الصينية، اليوم الجمعة، إن بكين \"تقيم\" عرضا من واشنطن لإجراء محادثات بشأن الرسوم الجمركية التي فرضها الرئيس الأميركي دونالد ترامب بنسبة 145%، وإن الباب مفتوح للنقاش، وفقًا لـ \"رويترز\".', 'https://vid.alarabiya.net/images/2024/09/11/47c3030c-d433-4f5b-9246-aa5e5fee0b39/47c3030c-d433-4f5b-9246-aa5e5fee0b39_16x9_1200x676.jpeg?width=801&format=jpg', '2025-05-03 15:41:55', 4, 4, 'pending'),
(20, 'وول ستريت تسجل مكاسب للأسبوع الثاني بدعم من بيانات اقتصادية قوية\r\nمؤشرات الأسهم الأميركية زادت 3% خلال الأسبوع', 'ارتفعت الأسهم الأميركية في جلسة الجمعة محققة مكاسب للأسبوع الثاني على التوالي، مدعومة بالبيانات الاقتصادية القوية واحتمال انحسار التوترات التجارية بين الولايات المتحدة والصين.\r\n\r\nوأضاف الاقتصاد الأميركي 177 الف وظيفة في أبريل/ نيسان، متخطيا التوقعات، كما استقر معدل البطالة عند 4.2%.\r\n\r\nوساعدت البيانات على تهدئة المخاوف من التباطؤ الاقتصادي بعد تقرير وزارة التجارة الذي أظهر انكماشا في الناتج المحلي الإجمالي الأميركي للمرة الأولى منذ ثلاث سنوات.', 'https://vid.alarabiya.net/images/2025/05/03/646599a8-96d6-4877-82d6-799bd05b12c6/646599a8-96d6-4877-82d6-799bd05b12c6_16x9_1200x676.jpg?width=801&format=jpg', '2025-05-03 15:42:32', 4, 5, 'pending'),
(21, 'صعود مؤشرات وول ستريت مستفيدة من التفاؤل بشأن الرسوم الجمركية\r\nارتفع المؤشر داو جونز الصناعي 1.02%', 'فتحت مؤشرات الأسهم الأميركية على ارتفاع اليوم الجمعة إذ هدأت المخاوف إزاء الخسائر الاقتصادية الناجمة عن الرسوم الجمركية الأميركية بفعل المؤشرات على تهدئة الحرب التجارية مع الصين وتقرير الوظائف الذي جاء أقوى من المتوقع.\r\n\r\nوارتفع المؤشر داو جونز الصناعي 414.53 نقطة أو 1.02% إلى 41167.49 نقطة في حين صعد المؤشر ستاندرد اند بورز 500 بمقدار 54.59 نقطة أو 0.97% إلى 5658.73 نقطة.\r\n\r\nكما زاد المؤشر ناسداك المجمع 159.60 نقطة أو 0.87% إلى 17864.97 نقطة، وفقًا لـ \"رويترز\".', 'https://vid.alarabiya.net/images/2024/01/29/6bfd441d-0a3b-437b-8dfe-9d162996d85b/6bfd441d-0a3b-437b-8dfe-9d162996d85b_16x9_1200x676.jpg?width=801&format=jpg', '2025-05-03 15:42:32', 4, 5, 'pending');

-- --------------------------------------------------------

--
-- Table structure for table `user`
--

CREATE TABLE `user` (
  `id` int(11) NOT NULL,
  `name` varchar(20) NOT NULL,
  `email` varchar(50) NOT NULL,
  `password` varchar(20) NOT NULL,
  `role` enum('author','editor','admin') NOT NULL
) ENGINE=InnoDB DEFAULT CHARSET=utf8mb4 COLLATE=utf8mb4_general_ci;

--
-- Dumping data for table `user`
--

INSERT INTO `user` (`id`, `name`, `email`, `password`, `role`) VALUES
(1, 'mais', 'mais@gmail.com', 'mais', 'admin'),
(2, 'mohannad', 'mohannad@gmail.com', 'mohannad', 'editor'),
(3, 'abd', 'abd@gmail.com', 'abd', 'editor'),
(4, 'manal', 'manal@gmail.com', 'manal', 'author'),
(5, 'aseel', 'aseel@gmail.com', 'aseel', 'author');

--
-- Indexes for dumped tables
--

--
-- Indexes for table `category`
--
ALTER TABLE `category`
  ADD PRIMARY KEY (`id`);

--
-- Indexes for table `news`
--
ALTER TABLE `news`
  ADD PRIMARY KEY (`id`),
  ADD KEY `category-newFK` (`category_id`),
  ADD KEY `author-newFK` (`author_id`);

--
-- Indexes for table `user`
--
ALTER TABLE `user`
  ADD PRIMARY KEY (`id`),
  ADD UNIQUE KEY `email` (`email`);

--
-- AUTO_INCREMENT for dumped tables
--

--
-- AUTO_INCREMENT for table `category`
--
ALTER TABLE `category`
  MODIFY `id` int(11) NOT NULL AUTO_INCREMENT, AUTO_INCREMENT=5;

--
-- AUTO_INCREMENT for table `news`
--
ALTER TABLE `news`
  MODIFY `id` int(11) NOT NULL AUTO_INCREMENT, AUTO_INCREMENT=22;

--
-- AUTO_INCREMENT for table `user`
--
ALTER TABLE `user`
  MODIFY `id` int(11) NOT NULL AUTO_INCREMENT, AUTO_INCREMENT=6;

--
-- Constraints for dumped tables
--

--
-- Constraints for table `news`
--
ALTER TABLE `news`
  ADD CONSTRAINT `author-newFK` FOREIGN KEY (`author_id`) REFERENCES `user` (`id`),
  ADD CONSTRAINT `category-newFK` FOREIGN KEY (`category_id`) REFERENCES `category` (`id`);
COMMIT;

/*!40101 SET CHARACTER_SET_CLIENT=@OLD_CHARACTER_SET_CLIENT */;
/*!40101 SET CHARACTER_SET_RESULTS=@OLD_CHARACTER_SET_RESULTS */;
/*!40101 SET COLLATION_CONNECTION=@OLD_COLLATION_CONNECTION */;
